zone,year,hot_days,period
bassin_arachidien,1990,28,historical
bassin_arachidien,1991,20,historical
bassin_arachidien,1992,13,historical
bassin_arachidien,1993,30,historical
bassin_arachidien,1994,40,historical
bassin_arachidien,1995,28,historical
bassin_arachidien,1996,30,historical
bassin_arachidien,1997,23,historical
bassin_arachidien,1998,19,historical
bassin_arachidien,1999,29,historical
bassin_arachidien,2000,48,historical
bassin_arachidien,2001,58,historical
bassin_arachidien,2002,46,historical
bassin_arachidien,2003,58,historical
bassin_arachidien,2004,29,historical
bassin_arachidien,2005,42,historical
bassin_arachidien,2006,62,historical
bassin_arachidien,2007,27,historical
bassin_arachidien,2008,25,historical
bassin_arachidien,2009,53,historical
bassin_arachidien,2010,68,historical
bassin_arachidien,2011,21,historical
bassin_arachidien,2012,28,historical
bassin_arachidien,2013,51,historical
bassin_arachidien,2014,37,historical
bassin_arachidien,2015,0,historical
casamance,1990,29,historical
casamance,1991,25,historical
casamance,1992,9,historical
casamance,1993,20,historical
casamance,1994,44,historical
casamance,1995,19,historical
casamance,1996,27,historical
casamance,1997,19,historical
casamance,1998,22,historical
casamance,1999,26,historical
casamance,2000,48,historical
casamance,2001,54,historical
casamance,2002,45,historical
casamance,2003,43,historical
casamance,2004,25,historical
casamance,2005,57,historical
casamance,2006,74,historical
casamance,2007,29,historical
casamance,2008,30,historical
casamance,2009,71,historical
casamance,2010,70,historical
casamance,2011,26,historical
casamance,2012,33,historical
casamance,2013,39,historical
casamance,2014,30,historical
casamance,2015,0,historical
niaye,1990,10,historical
niaye,1991,20,historical
niaye,1992,14,historical
niaye,1993,11,historical
niaye,1994,35,historical
niaye,1995,20,historical
niaye,1996,67,historical
niaye,1997,17,historical
niaye,1998,45,historical
niaye,1999,38,historical
niaye,2000,74,historical
niaye,2001,34,historical
niaye,2002,37,historical
niaye,2003,25,historical
niaye,2004,21,historical
niaye,2005,40,historical
niaye,2006,50,historical
niaye,2007,23,historical
niaye,2008,50,historical
niaye,2009,77,historical
niaye,2010,70,historical
niaye,2011,40,historical
niaye,2012,28,historical
niaye,2013,49,historical
niaye,2014,19,historical
niaye,2015,0,historical
senegal_oriental,1990,27,historical
senegal_oriental,1991,24,historical
senegal_oriental,1992,8,historical
senegal_oriental,1993,22,historical
senegal_oriental,1994,30,historical
senegal_oriental,1995,14,historical
senegal_oriental,1996,25,historical
senegal_oriental,1997,36,historical
senegal_oriental,1998,27,historical
senegal_oriental,1999,24,historical
senegal_oriental,2000,48,historical
senegal_oriental,2001,44,historical
senegal_oriental,2002,28,historical
senegal_oriental,2003,38,historical
senegal_oriental,2004,39,historical
senegal_oriental,2005,47,historical
senegal_oriental,2006,69,historical
senegal_oriental,2007,21,historical
senegal_oriental,2008,41,historical
senegal_oriental,2009,61,historical
senegal_oriental,2010,72,historical
senegal_oriental,2011,37,historical
senegal_oriental,2012,46,historical
senegal_oriental,2013,47,historical
senegal_oriental,2014,39,historical
senegal_oriental,2015,0,historical
vallee_fleuve_senegal,1990,0,historical
vallee_fleuve_senegal,1991,0,historical
vallee_fleuve_senegal,1992,0,historical
vallee_fleuve_senegal,1993,0,historical
vallee_fleuve_senegal,1994,0,historical
vallee_fleuve_senegal,1995,0,historical
vallee_fleuve_senegal,1996,0,historical
vallee_fleuve_senegal,1997,0,historical
vallee_fleuve_senegal,1998,0,historical
vallee_fleuve_senegal,1999,0,historical
vallee_fleuve_senegal,2000,0,historical
vallee_fleuve_senegal,2001,0,historical
vallee_fleuve_senegal,2002,0,historical
vallee_fleuve_senegal,2003,0,historical
vallee_fleuve_senegal,2004,0,historical
vallee_fleuve_senegal,2005,0,historical
vallee_fleuve_senegal,2006,0,historical
vallee_fleuve_senegal,2007,0,historical
vallee_fleuve_senegal,2008,0,historical
vallee_fleuve_senegal,2009,0,historical
vallee_fleuve_senegal,2010,0,historical
vallee_fleuve_senegal,2011,0,historical
vallee_fleuve_senegal,2012,0,historical
vallee_fleuve_senegal,2013,0,historical
vallee_fleuve_senegal,2014,0,historical
vallee_fleuve_senegal,2015,0,historical
zone_sylvo_pastoral,1990,25,historical
zone_sylvo_pastoral,1991,20,historical
zone_sylvo_pastoral,1992,7,historical
zone_sylvo_pastoral,1993,16,historical
zone_sylvo_pastoral,1994,35,historical
zone_sylvo_pastoral,1995,33,historical
zone_sylvo_pastoral,1996,29,historical
zone_sylvo_pastoral,1997,32,historical
zone_sylvo_pastoral,1998,13,historical
zone_sylvo_pastoral,1999,47,historical
zone_sylvo_pastoral,2000,44,historical
zone_sylvo_pastoral,2001,56,historical
zone_sylvo_pastoral,2002,36,historical
zone_sylvo_pastoral,2003,47,historical
zone_sylvo_pastoral,2004,29,historical
zone_sylvo_pastoral,2005,40,historical
zone_sylvo_pastoral,2006,59,historical
zone_sylvo_pastoral,2007,18,historical
zone_sylvo_pastoral,2008,27,historical
zone_sylvo_pastoral,2009,65,historical
zone_sylvo_pastoral,2010,67,historical
zone_sylvo_pastoral,2011,34,historical
zone_sylvo_pastoral,2012,41,historical
zone_sylvo_pastoral,2013,45,historical
zone_sylvo_pastoral,2014,49,historical
zone_sylvo_pastoral,2015,0,historical
bassin_arachidien,2040,48,future
bassin_arachidien,2041,71,future
bassin_arachidien,2042,90,future
bassin_arachidien,2043,120,future
bassin_arachidien,2044,139,future
bassin_arachidien,2045,126,future
bassin_arachidien,2046,115,future
bassin_arachidien,2047,107,future
bassin_arachidien,2048,142,future
bassin_arachidien,2049,71,future
bassin_arachidien,2050,98,future
bassin_arachidien,2051,133,future
bassin_arachidien,2052,123,future
bassin_arachidien,2053,149,future
bassin_arachidien,2054,116,future
bassin_arachidien,2055,135,future
bassin_arachidien,2056,152,future
bassin_arachidien,2057,174,future
bassin_arachidien,2058,132,future
bassin_arachidien,2059,170,future
bassin_arachidien,2060,150,future
bassin_arachidien,2061,133,future
bassin_arachidien,2062,139,future
bassin_arachidien,2063,205,future
bassin_arachidien,2064,221,future
bassin_arachidien,2065,166,future
bassin_arachidien,2066,220,future
bassin_arachidien,2067,197,future
bassin_arachidien,2068,227,future
bassin_arachidien,2069,188,future
casamance,2040,42,future
casamance,2041,79,future
casamance,2042,78,future
casamance,2043,103,future
casamance,2044,135,future
casamance,2045,108,future
casamance,2046,126,future
casamance,2047,102,future
casamance,2048,147,future
casamance,2049,67,future
casamance,2050,72,future
casamance,2051,136,future
casamance,2052,106,future
casamance,2053,154,future
casamance,2054,112,future
casamance,2055,119,future
casamance,2056,156,future
casamance,2057,141,future
casamance,2058,114,future
casamance,2059,163,future
casamance,2060,141,future
casamance,2061,122,future
casamance,2062,105,future
casamance,2063,168,future
casamance,2064,187,future
casamance,2065,137,future
casamance,2066,185,future
casamance,2067,160,future
casamance,2068,156,future
casamance,2069,143,future
niaye,2040,16,future
niaye,2041,76,future
niaye,2042,41,future
niaye,2043,78,future
niaye,2044,97,future
niaye,2045,91,future
niaye,2046,107,future
niaye,2047,118,future
niaye,2048,128,future
niaye,2049,43,future
niaye,2050,53,future
niaye,2051,93,future
niaye,2052,90,future
niaye,2053,71,future
niaye,2054,91,future
niaye,2055,97,future
niaye,2056,91,future
niaye,2057,106,future
niaye,2058,83,future
niaye,2059,54,future
niaye,2060,98,future
niaye,2061,101,future
niaye,2062,84,future
niaye,2063,66,future
niaye,2064,87,future
niaye,2065,56,future
niaye,2066,103,future
niaye,2067,104,future
niaye,2068,127,future
niaye,2069,74,future
senegal_oriental,2040,63,future
senegal_oriental,2041,79,future
senegal_oriental,2042,91,future
senegal_oriental,2043,109,future
senegal_oriental,2044,127,future
senegal_oriental,2045,101,future
senegal_oriental,2046,110,future
senegal_oriental,2047,103,future
senegal_oriental,2048,129,future
senegal_oriental,2049,82,future
senegal_oriental,2050,101,future
senegal_oriental,2051,139,future
senegal_oriental,2052,132,future
senegal_oriental,2053,148,future
senegal_oriental,2054,106,future
senegal_oriental,2055,120,future
senegal_oriental,2056,142,future
senegal_oriental,2057,163,future
senegal_oriental,2058,131,future
senegal_oriental,2059,165,future
senegal_oriental,2060,155,future
senegal_oriental,2061,131,future
senegal_oriental,2062,135,future
senegal_oriental,2063,189,future
senegal_oriental,2064,188,future
senegal_oriental,2065,160,future
senegal_oriental,2066,206,future
senegal_oriental,2067,177,future
senegal_oriental,2068,194,future
senegal_oriental,2069,168,future
vallee_fleuve_senegal,2040,0,future
vallee_fleuve_senegal,2041,0,future
vallee_fleuve_senegal,2042,0,future
vallee_fleuve_senegal,2043,0,future
vallee_fleuve_senegal,2044,0,future
vallee_fleuve_senegal,2045,0,future
vallee_fleuve_senegal,2046,0,future
vallee_fleuve_senegal,2047,0,future
vallee_fleuve_senegal,2048,0,future
vallee_fleuve_senegal,2049,0,future
vallee_fleuve_senegal,2050,0,future
vallee_fleuve_senegal,2051,0,future
vallee_fleuve_senegal,2052,0,future
vallee_fleuve_senegal,2053,0,future
vallee_fleuve_senegal,2054,0,future
vallee_fleuve_senegal,2055,0,future
vallee_fleuve_senegal,2056,0,future
vallee_fleuve_senegal,2057,0,future
vallee_fleuve_senegal,2058,0,future
vallee_fleuve_senegal,2059,0,future
vallee_fleuve_senegal,2060,0,future
vallee_fleuve_senegal,2061,0,future
vallee_fleuve_senegal,2062,0,future
vallee_fleuve_senegal,2063,0,future
vallee_fleuve_senegal,2064,0,future
vallee_fleuve_senegal,2065,0,future
vallee_fleuve_senegal,2066,0,future
vallee_fleuve_senegal,2067,0,future
vallee_fleuve_senegal,2068,0,future
vallee_fleuve_senegal,2069,0,future
zone_sylvo_pastoral,2040,33,future
zone_sylvo_pastoral,2041,74,future
zone_sylvo_pastoral,2042,103,future
zone_sylvo_pastoral,2043,124,future
zone_sylvo_pastoral,2044,147,future
zone_sylvo_pastoral,2045,116,future
zone_sylvo_pastoral,2046,105,future
zone_sylvo_pastoral,2047,109,future
zone_sylvo_pastoral,2048,108,future
zone_sylvo_pastoral,2049,97,future
zone_sylvo_pastoral,2050,97,future
zone_sylvo_pastoral,2051,104,future
zone_sylvo_pastoral,2052,108,future
zone_sylvo_pastoral,2053,106,future
zone_sylvo_pastoral,2054,112,future
zone_sylvo_pastoral,2055,115,future
zone_sylvo_pastoral,2056,117,future
zone_sylvo_pastoral,2057,163,future
zone_sylvo_pastoral,2058,139,future
zone_sylvo_pastoral,2059,141,future
zone_sylvo_pastoral,2060,151,future
zone_sylvo_pastoral,2061,130,future
zone_sylvo_pastoral,2062,147,future
zone_sylvo_pastoral,2063,211,future
zone_sylvo_pastoral,2064,212,future
zone_sylvo_pastoral,2065,205,future
zone_sylvo_pastoral,2066,197,future
zone_sylvo_pastoral,2067,192,future
zone_sylvo_pastoral,2068,204,future
zone_sylvo_pastoral,2069,219,future
